{
    "mean_rmse": 2.1247787533326608,
    "std_rmse": 0.07825377816302066,
    "cv_rmse_scores": [
        2.147361060684054,
        2.2218453931786852,
        2.1507490317355176,
        1.9833781753290365,
        2.1205601057360117
    ]
}