{
    "mean_rmse": 2.6353255075792057,
    "std_rmse": 0.14740627157500907,
    "cv_rmse_scores": [
        2.6989467032470884,
        2.7785919163493245,
        2.6843459697548986,
        2.3509703088559353,
        2.6637726396887826
    ]
}