{
    "mean_rmse": 2.679238742080274,
    "std_rmse": 0.16110361736272663,
    "cv_rmse_scores": [
        2.6809722030701604,
        2.8371513889565807,
        2.6953405248714892,
        2.3802611009502237,
        2.8024684925529173
    ]
}